"Name","Position","Team","Pass Comp","Pass Att","Pass Yds","Pass TDs","Pass INTs","Rush Att","Rush Yds","Rush TDs","Rec","Rec Yds","Rec TDs"
"Julian Sayin","QB","OSU","21.10","28.73","236.42","1.45","0.47","3.71","2.94","0.14","0.00","0.00","0.00"
"Jeremiah Smith","WR","OSU","0.00","0.00","0.00","0.00","0.00","0.00","0.00","0.00","6.86","84.24","0.48"
"Carnell Tate","WR","OSU","0.00","0.00","0.00","0.00","0.00","0.00","0.00","0.00","5.23","74.60","0.36"
"Carson Beck","QB","MIA","18.90","28.25","202.45","0.92","0.64","5.93","4.55","0.11","0.00","0.00","0.00"
"Malachi Toney","WR","MIA","0.58","0.87","5.67","0.03","0.05","3.62","13.78","0.12","7.03","73.52","0.28"
"Bo Jackson","RB","OSU","0.00","0.00","0.00","0.00","0.00","18.55","81.03","0.84","2.23","20.19","0.13"
"Mark Fletcher Jr.","RB","MIA","0.00","0.00","0.00","0.00","0.00","17.46","64.17","0.65","1.22","9.01","0.05"
"Girard Pringle Jr.","RB","MIA","0.00","0.00","0.00","0.00","0.00","3.95","16.83","0.13","0.21","2.16","0.01"
"CJ Daniels","WR","MIA","0.00","0.00","0.00","0.00","0.00","0.00","0.00","0.00","3.49","41.43","0.21"
"CJ Donaldson","RB","OSU","0.00","0.00","0.00","0.00","0.00","6.07","21.42","0.53","0.46","2.44","0.03"
"CharMar Brown","RB","MIA","0.00","0.00","0.00","0.00","0.00","1.65","5.48","0.05","0.12","0.80","0.00"
"Keelan Marion","WR","MIA","0.00","0.00","0.00","0.00","0.00","0.00","0.00","0.00","3.44","42.12","0.16"
"James Peoples","RB","OSU","0.00","0.00","0.00","0.00","0.00","0.34","1.35","0.03","0.00","0.00","0.00"
"Max Klare","WR","OSU","0.00","0.00","0.00","0.00","0.00","0.00","0.00","0.00","3.25","30.45","0.23"
"Elija Lofton","WR","MIA","0.00","0.00","0.00","0.00","0.00","0.33","0.95","0.01","1.60","14.53","0.09"
"Brandon Inniss","WR","OSU","0.00","0.00","0.00","0.00","0.00","0.00","0.00","0.00","1.77","12.59","0.12"
"Joshisa Trader","WR","MIA","0.00","0.00","0.00","0.00","0.00","0.00","0.00","0.00","0.47","6.52","0.03"
"Joshua Moore","WR","MIA","0.00","0.00","0.00","0.00","0.00","0.00","0.00","0.00","0.37","4.58","0.02"
"Alex Bauman","WR","MIA","0.00","0.00","0.00","0.00","0.00","0.00","0.00","0.00","1.53","13.45","0.09"
"Will Kacmarek","WR","OSU","0.00","0.00","0.00","0.00","0.00","0.00","0.00","0.00","0.85","8.62","0.06"
"Isaiah West","RB","OSU","0.00","0.00","0.00","0.00","0.00","5.06","20.07","0.17","0.22","1.38","0.01"
"Bennett Christian","WR","OSU","0.00","0.00","0.00","0.00","0.00","0.00","0.00","0.00","0.04","0.21","0.00"
"Jelani Thurman","WR","OSU","0.00","0.00","0.00","0.00","0.00","0.00","0.00","0.00","0.04","0.41","0.00"
"Nate Roberts","WR","OSU","0.00","0.00","0.00","0.00","0.00","0.00","0.00","0.00","0.08","0.57","0.01"
"David Adolph","WR","OSU","0.00","0.00","0.00","0.00","0.00","0.00","0.00","0.00","0.08","0.73","0.01"
"Fernando Mendoza","QB","IU","18.38","26.95","219.70","1.46","0.62","5.95","20.18","0.52","0.00","0.00","0.00"
"Gunner Stockton","QB","UGA","20.74","31.61","222.31","1.72","0.49","11.67","47.07","0.64","0.00","0.00","0.00"
"Trinidad Chambliss","QB","MISS","19.21","31.22","262.00","1.36","0.28","10.30","32.46","0.45","0.00","0.00","0.00"
"Kewan Lacy","RB","MISS","0.00","0.00","0.00","0.00","0.00","24.04","74.45","1.04","2.13","12.58","0.12"
"Dante Moore","QB","ORE","20.75","30.52","238.04","1.58","0.86","6.45","9.10","0.24","0.00","0.00","0.00"
"Ty Simpson","QB","BAMA","20.77","32.91","248.84","1.33","0.34","7.90","7.23","0.17","0.00","0.00","0.00"
"Behren Morton","QB","TTU","21.32","34.29","242.83","1.48","0.72","5.35","0.52","0.08","0.00","0.00","0.00"
"Cameron Dickey","RB","TTU","0.00","0.00","0.00","0.00","0.00","16.06","74.33","0.89","2.35","18.24","0.15"
"Noah Whittington","RB","ORE","0.00","0.00","0.00","0.00","0.00","13.97","69.97","0.52","1.58","8.37","0.11"
"Elijah Sarratt","WR","IU","0.00","0.00","0.00","0.00","0.00","0.00","0.00","0.00","4.44","57.66","0.42"
"Omar Cooper Jr.","WR","IU","0.00","0.00","0.00","0.00","0.00","0.00","0.00","0.00","4.56","60.11","0.35"
"Jordon Davison","RB","ORE","0.00","0.00","0.00","0.00","0.00","7.52","36.85","0.70","1.09","4.55","0.06"
"Germie Bernard","WR","BAMA","0.00","0.00","0.00","0.00","0.00","0.91","4.16","0.04","4.61","60.66","0.35"
"Caleb Douglas","WR","TTU","0.00","0.00","0.00","0.00","0.00","0.00","0.00","0.00","4.18","56.91","0.33"
"Roman Hemby","RB","IU","0.00","0.00","0.00","0.00","0.00","16.00","74.39","0.71","0.87","7.32","0.06"
"Kenyon Sadiq","WR","ORE","0.00","0.00","0.00","0.00","0.00","0.36","1.46","0.09","4.33","50.19","0.32"
"J'Koby Williams","RB","TTU","0.00","0.00","0.00","0.00","0.00","12.13","55.56","0.46","2.35","24.69","0.13"
"Ryan Williams","WR","BAMA","0.00","0.00","0.00","0.00","0.00","0.00","0.00","0.00","2.43","36.48","0.20"
"Nate Frazier","RB","UGA","0.00","0.00","0.00","0.00","0.00","12.88","70.38","0.68","1.61","9.41","0.12"
"Reggie Virgil","WR","TTU","0.00","0.00","0.00","0.00","0.00","0.00","0.00","0.00","4.52","54.02","0.35"
"Logan Diggs","RB","MISS","0.00","0.00","0.00","0.00","0.00","1.53","5.13","0.07","0.00","0.00","0.00"
"Malik Benson","WR","ORE","0.00","0.00","0.00","0.00","0.00","0.00","0.00","0.00","3.27","49.97","0.28"
"Dakorien Moore","WR","ORE","0.00","0.00","0.00","0.00","0.00","0.00","0.00","0.00","1.77","26.86","0.16"
"Kaelon Black","RB","IU","0.00","0.00","0.00","0.00","0.00","14.14","67.59","0.73","0.75","5.78","0.06"
"Jam Miller","RB","BAMA","0.00","0.00","0.00","0.00","0.00","8.20","29.03","0.34","0.99","6.32","0.03"
"Zachariah Branch","WR","UGA","0.00","0.00","0.00","0.00","0.00","0.40","2.10","0.02","6.48","65.32","0.48"
"Daniel Hill","RB","BAMA","0.00","0.00","0.00","0.00","0.00","11.24","37.11","0.54","1.71","14.72","0.05"
"Harrison Wallace III","WR","MISS","0.00","0.00","0.00","0.00","0.00","0.00","0.00","0.00","3.33","48.95","0.26"
"Chauncey Bowens","RB","UGA","0.00","0.00","0.00","0.00","0.00","6.04","32.43","0.35","0.53","3.00","0.03"
"De'Zhaun Stribling","WR","MISS","0.00","0.00","0.00","0.00","0.00","0.00","0.00","0.00","3.23","44.02","0.23"
"Jayden Limar","RB","ORE","0.00","0.00","0.00","0.00","0.00","1.43","6.58","0.07","0.00","0.00","0.00"
"Terrance Carter Jr.","WR","TTU","0.00","0.00","0.00","0.00","0.00","0.36","1.36","0.02","4.37","48.05","0.28"
"Dierre Hill Jr.","RB","ORE","0.00","0.00","0.00","0.00","0.00","5.73","30.02","0.20","1.81","11.99","0.13"
"E.J. Williams Jr.","WR","IU","0.00","0.00","0.00","0.00","0.00","0.00","0.00","0.00","1.10","12.30","0.09"
"Coy Eakin","WR","TTU","0.00","0.00","0.00","0.00","0.00","0.00","0.00","0.00","3.13","36.03","0.21"
"Khobie Martin","RB","IU","0.00","0.00","0.00","0.00","0.00","1.12","5.90","0.06","0.00","0.00","0.00"
"Charlie Becker","WR","IU","0.00","0.00","0.00","0.00","0.00","0.00","0.00","0.00","3.71","45.73","0.26"
"Damien Taylor","RB","MISS","0.00","0.00","0.00","0.00","0.00","1.14","3.69","0.05","0.00","0.00","0.00"
"Deuce Alexander","WR","MISS","0.00","0.00","0.00","0.00","0.00","0.76","3.01","0.03","2.87","43.48","0.22"
"Cash Jones","RB","UGA","0.00","0.00","0.00","0.00","0.00","1.61","7.23","0.09","0.93","8.38","0.07"
"Dae'Quan Wright","WR","MISS","0.00","0.00","0.00","0.00","0.00","0.00","0.00","0.00","2.41","34.93","0.18"
"Adam Hill","RB","TTU","0.00","0.00","0.00","0.00","0.00","0.71","3.21","0.00","0.00","0.00","0.00"
"Jeremiah McClellan","WR","ORE","0.00","0.00","0.00","0.00","0.00","0.00","0.00","0.00","2.52","37.96","0.22"
"Jay Harris","RB","ORE","0.00","0.00","0.00","0.00","0.00","0.36","1.49","0.02","0.00","0.00","0.00"
"Richard Young","RB","BAMA","0.00","0.00","0.00","0.00","0.00","0.30","0.95","0.01","0.00","0.00","0.00"
"AK Dear","RB","BAMA","0.00","0.00","0.00","0.00","0.00","0.61","3.14","0.02","0.00","0.00","0.00"
"Roderick Robinson II","RB","UGA","0.00","0.00","0.00","0.00","0.00","0.40","2.23","0.02","0.00","0.00","0.00"
"Josh McCray","RB","UGA","0.00","0.00","0.00","0.00","0.00","4.83","21.80","0.26","0.23","1.17","0.02"
"Dwight Phillips Jr.","RB","UGA","0.00","0.00","0.00","0.00","0.00","0.20","1.16","0.01","0.00","0.00","0.00"
"Cayden Lee","WR","MISS","0.00","0.00","0.00","0.00","0.00","0.00","0.00","0.00","2.63","40.75","0.18"
"Jamari Johnson","WR","ORE","0.00","0.00","0.00","0.00","0.00","0.00","0.00","0.00","2.12","27.88","0.14"
"Lotzeir Brooks","WR","BAMA","0.00","0.00","0.00","0.00","0.00","0.61","1.74","0.02","3.17","39.26","0.16"
"Josh Cuevas","WR","BAMA","0.00","0.00","0.00","0.00","0.00","0.00","0.00","0.00","3.13","37.40","0.19"
"Noah Thomas","WR","UGA","0.00","0.00","0.00","0.00","0.00","0.00","0.00","0.00","1.61","23.12","0.16"
"Isaiah Horton","WR","BAMA","0.00","0.00","0.00","0.00","0.00","0.00","0.00","0.00","3.72","42.45","0.29"
"Dillon Bell","WR","UGA","0.00","0.00","0.00","0.00","0.00","2.01","12.59","0.11","2.65","27.48","0.24"
"Winston Watkins","WR","MISS","0.00","0.00","0.00","0.00","0.00","0.38","0.92","0.02","2.14","31.14","0.15"
"London Humphreys","WR","UGA","0.00","0.00","0.00","0.00","0.00","0.20","1.05","0.01","0.91","14.81","0.09"
"Riley Nowakowski","WR","IU","0.00","0.00","0.00","0.00","0.00","0.00","0.00","0.00","2.49","26.41","0.18"
"Colbie Young","WR","UGA","0.00","0.00","0.00","0.00","0.00","0.00","0.00","0.00","1.24","16.41","0.10"
"Gary Bryant Jr.","WR","ORE","0.00","0.00","0.00","0.00","0.00","0.00","0.00","0.00","1.43","16.94","0.09"
"Jonathan Brady","WR","IU","0.00","0.00","0.00","0.00","0.00","0.00","0.00","0.00","0.18","1.85","0.01"
"Micah Hudson","WR","TTU","0.00","0.00","0.00","0.00","0.00","0.00","0.00","0.00","0.22","2.72","0.01"
"Oscar Delp","WR","UGA","0.00","0.00","0.00","0.00","0.00","0.00","0.00","0.00","2.31","28.38","0.19"
"Lawson Luckie","WR","UGA","0.00","0.00","0.00","0.00","0.00","0.00","0.00","0.00","1.67","18.23","0.17"
"Roger Saleapaga","WR","ORE","0.00","0.00","0.00","0.00","0.00","0.00","0.00","0.00","0.16","1.71","0.02"
"Cooper Perry","WR","ORE","0.00","0.00","0.00","0.00","0.00","0.00","0.00","0.00","0.68","1.63","0.05"
"Johncarlos Miller II","WR","TTU","0.00","0.00","0.00","0.00","0.00","0.00","0.00","0.00","0.20","2.17","0.01"
"Holden Staes","WR","IU","0.00","0.00","0.00","0.00","0.00","0.00","0.00","0.00","0.17","1.48","0.01"
"Lebron Bond","WR","IU","0.00","0.00","0.00","0.00","0.00","0.00","0.00","0.00","0.12","1.07","0.01"
"Kaleb Edwards","WR","BAMA","0.00","0.00","0.00","0.00","0.00","0.00","0.00","0.00","0.67","8.72","0.04"
"Jay Lindsey","WR","BAMA","0.00","0.00","0.00","0.00","0.00","0.00","0.00","0.00","0.19","1.41","0.01"
"Rico Scott","WR","BAMA","0.00","0.00","0.00","0.00","0.00","0.00","0.00","0.00","0.16","1.41","0.01"
"Elyiss Williams","WR","UGA","0.00","0.00","0.00","0.00","0.00","0.00","0.00","0.00","0.20","3.26","0.02"
"Sacovie White-Helton","WR","UGA","0.00","0.00","0.00","0.00","0.00","0.00","0.00","0.00","0.08","0.59","0.01"
"Cole Speer","WR","UGA","0.00","0.00","0.00","0.00","0.00","0.00","0.00","0.00","0.04","0.44","0.00"
"Landon Roldan","WR","UGA","0.00","0.00","0.00","0.00","0.00","0.00","0.00","0.00","0.06","0.59","0.01"
"CJ Wiley","WR","UGA","0.00","0.00","0.00","0.00","0.00","0.00","0.00","0.00","0.19","1.72","0.02"
"Luke Hasz","WR","MISS","0.00","0.00","0.00","0.00","0.00","0.00","0.00","0.00","0.47","6.16","0.03"
